INSERT INTO city (city_id, city_name) VALUES (1, 'Bowen Island');
INSERT INTO city (city_id, city_name) VALUES (2, 'Gibsons');
INSERT INTO city (city_id, city_name) VALUES (3, 'Lions Bay');
INSERT INTO city (city_id, city_name) VALUES (4, 'North Vancouver');
INSERT INTO city (city_id, city_name) VALUES (5, 'Powell River');
INSERT INTO city (city_id, city_name) VALUES (6, 'Richmond');
INSERT INTO city (city_id, city_name) VALUES (7, 'Sechelt');
INSERT INTO city (city_id, city_name) VALUES (8, 'Squamish');
INSERT INTO city (city_id, city_name) VALUES (9, 'Vancouver');
INSERT INTO city (city_id, city_name) VALUES (10, 'West Vancouver');
INSERT INTO city (city_id, city_name) VALUES (11, 'Whistler');

INSERT INTO health_authority VALUES (1, 'Vancouver Coastal Health');
INSERT INTO health_authority_city (health_authority_id, city_id) VALUES (1,1);
INSERT INTO health_authority_city (health_authority_id, city_id) VALUES (1,2); 
INSERT INTO health_authority_city (health_authority_id, city_id) VALUES (1,3); 
INSERT INTO health_authority_city (health_authority_id, city_id) VALUES (1,4); 
INSERT INTO health_authority_city (health_authority_id, city_id) VALUES (1,5); 
INSERT INTO health_authority_city (health_authority_id, city_id) VALUES (1,6); 
INSERT INTO health_authority_city (health_authority_id, city_id) VALUES (1,7); 
INSERT INTO health_authority_city (health_authority_id, city_id) VALUES (1,8); 
INSERT INTO health_authority_city (health_authority_id, city_id) VALUES (1,9); 
INSERT INTO health_authority_city (health_authority_id, city_id) VALUES (1,10); 
INSERT INTO health_authority_city (health_authority_id, city_id) VALUES (1,11); 


INSERT INTO city (city_id, city_name) VALUES (12, 'Abbotsford');
INSERT INTO city (city_id, city_name) VALUES (13, 'Anmore');
INSERT INTO city (city_id, city_name) VALUES (14, 'Belcarra');
INSERT INTO city (city_id, city_name) VALUES (15, 'Burnaby');
INSERT INTO city (city_id, city_name) VALUES (16, 'Chilliwack');
INSERT INTO city (city_id, city_name) VALUES (17, 'Coquitlam');
INSERT INTO city (city_id, city_name) VALUES (18, 'Delta');
INSERT INTO city (city_id, city_name) VALUES (19, 'Harrison Hot Springs');
INSERT INTO city (city_id, city_name) VALUES (20, 'Hope');
INSERT INTO city (city_id, city_name) VALUES (21, 'Kent');
INSERT INTO city (city_id, city_name) VALUES (22, 'Langley');
INSERT INTO city (city_id, city_name) VALUES (23, 'Maple Ridge');
INSERT INTO city (city_id, city_name) VALUES (24, 'Mission');
INSERT INTO city (city_id, city_name) VALUES (25, 'New Westminster');
INSERT INTO city (city_id, city_name) VALUES (26, 'Pitt Meadows');
INSERT INTO city (city_id, city_name) VALUES (27, 'Port Coquitlam');
INSERT INTO city (city_id, city_name) VALUES (28, 'Port Moody');
INSERT INTO city (city_id, city_name) VALUES (29, 'Surrey');
INSERT INTO city (city_id, city_name) VALUES (30, 'White Rock');

INSERT INTO health_authority VALUES (2, 'Frasier Health');

INSERT INTO health_authority_city (health_authority_id, city_id) VALUES (2, 12);
INSERT INTO health_authority_city (health_authority_id, city_id) VALUES (2, 13);
INSERT INTO health_authority_city (health_authority_id, city_id) VALUES (2, 14);
INSERT INTO health_authority_city (health_authority_id, city_id) VALUES (2, 15);
INSERT INTO health_authority_city (health_authority_id, city_id) VALUES (2, 16);
INSERT INTO health_authority_city (health_authority_id, city_id) VALUES (2, 17);
INSERT INTO health_authority_city (health_authority_id, city_id) VALUES (2, 18);
INSERT INTO health_authority_city (health_authority_id, city_id) VALUES (2, 19);
INSERT INTO health_authority_city (health_authority_id, city_id) VALUES (2, 20);
INSERT INTO health_authority_city (health_authority_id, city_id) VALUES (2, 21);
INSERT INTO health_authority_city (health_authority_id, city_id) VALUES (2, 22);
INSERT INTO health_authority_city (health_authority_id, city_id) VALUES (2, 23);
INSERT INTO health_authority_city (health_authority_id, city_id) VALUES (2, 24);
INSERT INTO health_authority_city (health_authority_id, city_id) VALUES (2, 25);
INSERT INTO health_authority_city (health_authority_id, city_id) VALUES (2, 26);
INSERT INTO health_authority_city (health_authority_id, city_id) VALUES (2, 27);
INSERT INTO health_authority_city (health_authority_id, city_id) VALUES (2, 28);
INSERT INTO health_authority_city (health_authority_id, city_id) VALUES (2, 29);
INSERT INTO health_authority_city (health_authority_id, city_id) VALUES (2, 30);

INSERT INTO city (city_id, city_name) VALUES (31, '100 Mile House');
INSERT INTO city (city_id, city_name) VALUES (32, 'Alexis Creek');
INSERT INTO city (city_id, city_name) VALUES (33, 'Anahim Lake');
INSERT INTO city (city_id, city_name) VALUES (34, 'Armstrong');
INSERT INTO city (city_id, city_name) VALUES (35, 'Ashcroft');
INSERT INTO city (city_id, city_name) VALUES (36, 'Barriere');
INSERT INTO city (city_id, city_name) VALUES (37, 'Blue River');
INSERT INTO city (city_id, city_name) VALUES (38, 'Cache Creek');
INSERT INTO city (city_id, city_name) VALUES (39, 'Castlegar');
INSERT INTO city (city_id, city_name) VALUES (40, 'Celista');
INSERT INTO city (city_id, city_name) VALUES (41, 'Chase');
INSERT INTO city (city_id, city_name) VALUES (42, 'Clearwater');
INSERT INTO city (city_id, city_name) VALUES (43, 'Clinton');
INSERT INTO city (city_id, city_name) VALUES (44, 'Coldstream');
INSERT INTO city (city_id, city_name) VALUES (45, 'Cranbrook');
INSERT INTO city (city_id, city_name) VALUES (46, 'Crawford Bay');
INSERT INTO city (city_id, city_name) VALUES (47, 'Creston');
INSERT INTO city (city_id, city_name) VALUES (48, 'Edgewood');
INSERT INTO city (city_id, city_name) VALUES (49, 'Elkford');
INSERT INTO city (city_id, city_name) VALUES (50, 'Enderby');
INSERT INTO city (city_id, city_name) VALUES (51, 'Fernie');
INSERT INTO city (city_id, city_name) VALUES (52, 'Fruitvale');
INSERT INTO city (city_id, city_name) VALUES (53, 'Golden');
INSERT INTO city (city_id, city_name) VALUES (54, 'Grand Forks');
INSERT INTO city (city_id, city_name) VALUES (55, 'Greenwood');
INSERT INTO city (city_id, city_name) VALUES (56, 'Invermere');
INSERT INTO city (city_id, city_name) VALUES (57, 'Kamloops');
INSERT INTO city (city_id, city_name) VALUES (58, 'Kaslo');
INSERT INTO city (city_id, city_name) VALUES (59, 'Kelowna');
INSERT INTO city (city_id, city_name) VALUES (60, 'Keremeos');
INSERT INTO city (city_id, city_name) VALUES (61, 'Kimberley');
INSERT INTO city (city_id, city_name) VALUES (62, 'Lake Country');
INSERT INTO city (city_id, city_name) VALUES (63, 'Lillooet');
INSERT INTO city (city_id, city_name) VALUES (64, 'Logan Lake');
INSERT INTO city (city_id, city_name) VALUES (65, 'Lumby');
INSERT INTO city (city_id, city_name) VALUES (66, 'Lytton');
INSERT INTO city (city_id, city_name) VALUES (67, 'Merritt');
INSERT INTO city (city_id, city_name) VALUES (68, 'Midway');
INSERT INTO city (city_id, city_name) VALUES (69, 'Montrose');
INSERT INTO city (city_id, city_name) VALUES (70, 'Nakusp');
INSERT INTO city (city_id, city_name) VALUES (71, 'Nelson');
INSERT INTO city (city_id, city_name) VALUES (72, 'New Denver');
INSERT INTO city (city_id, city_name) VALUES (73, 'Oliver');
INSERT INTO city (city_id, city_name) VALUES (74, 'Osoyoos');
INSERT INTO city (city_id, city_name) VALUES (75, 'Oyama');
INSERT INTO city (city_id, city_name) VALUES (76, 'Peachland');
INSERT INTO city (city_id, city_name) VALUES (77, 'Penticton');
INSERT INTO city (city_id, city_name) VALUES (78, 'Princeton');
INSERT INTO city (city_id, city_name) VALUES (79, 'Radium Hot Springs');
INSERT INTO city (city_id, city_name) VALUES (80, 'Revelstoke');
INSERT INTO city (city_id, city_name) VALUES (81, 'Rock Creek');
INSERT INTO city (city_id, city_name) VALUES (82, 'Rossland');
INSERT INTO city (city_id, city_name) VALUES (83, 'Salmo');
INSERT INTO city (city_id, city_name) VALUES (84, 'Salmon Arm');
INSERT INTO city (city_id, city_name) VALUES (85, 'Sicamous');
INSERT INTO city (city_id, city_name) VALUES (86, 'Slocan');
INSERT INTO city (city_id, city_name) VALUES (87, 'Sorrento');
INSERT INTO city (city_id, city_name) VALUES (88, 'Spallumcheen');
INSERT INTO city (city_id, city_name) VALUES (89, 'Sparwood');
INSERT INTO city (city_id, city_name) VALUES (90, 'Summerland');
INSERT INTO city (city_id, city_name) VALUES (91, 'Sun Peaks Mountain');
INSERT INTO city (city_id, city_name) VALUES (92, 'Tatla Lake');
INSERT INTO city (city_id, city_name) VALUES (93, 'Trail');
INSERT INTO city (city_id, city_name) VALUES (94, 'Vernon');
INSERT INTO city (city_id, city_name) VALUES (95, 'Warfield');
INSERT INTO city (city_id, city_name) VALUES (96, 'West Kelowna');
INSERT INTO city (city_id, city_name) VALUES (97, 'Williams Lake');
INSERT INTO city (city_id, city_name) VALUES (98, 'Winfield');

INSERT INTO health_authority VALUES (3, 'Interior Health');

INSERT INTO health_authority_city (health_authority_id, city_id) VALUES (3, 31);
INSERT INTO health_authority_city (health_authority_id, city_id) VALUES (3, 32);
INSERT INTO health_authority_city (health_authority_id, city_id) VALUES (3, 33);
INSERT INTO health_authority_city (health_authority_id, city_id) VALUES (3, 34);
INSERT INTO health_authority_city (health_authority_id, city_id) VALUES (3, 35);
INSERT INTO health_authority_city (health_authority_id, city_id) VALUES (3, 36);
INSERT INTO health_authority_city (health_authority_id, city_id) VALUES (3, 37);
INSERT INTO health_authority_city (health_authority_id, city_id) VALUES (3, 38);
INSERT INTO health_authority_city (health_authority_id, city_id) VALUES (3, 39);
INSERT INTO health_authority_city (health_authority_id, city_id) VALUES (3, 40);
INSERT INTO health_authority_city (health_authority_id, city_id) VALUES (3, 41);
INSERT INTO health_authority_city (health_authority_id, city_id) VALUES (3, 42);
INSERT INTO health_authority_city (health_authority_id, city_id) VALUES (3, 43);
INSERT INTO health_authority_city (health_authority_id, city_id) VALUES (3, 44);
INSERT INTO health_authority_city (health_authority_id, city_id) VALUES (3, 45);
INSERT INTO health_authority_city (health_authority_id, city_id) VALUES (3, 46);
INSERT INTO health_authority_city (health_authority_id, city_id) VALUES (3, 47);
INSERT INTO health_authority_city (health_authority_id, city_id) VALUES (3, 48);
INSERT INTO health_authority_city (health_authority_id, city_id) VALUES (3, 49);
INSERT INTO health_authority_city (health_authority_id, city_id) VALUES (3, 50);
INSERT INTO health_authority_city (health_authority_id, city_id) VALUES (3, 51);
INSERT INTO health_authority_city (health_authority_id, city_id) VALUES (3, 52);
INSERT INTO health_authority_city (health_authority_id, city_id) VALUES (3, 53);
INSERT INTO health_authority_city (health_authority_id, city_id) VALUES (3, 54);
INSERT INTO health_authority_city (health_authority_id, city_id) VALUES (3, 55);
INSERT INTO health_authority_city (health_authority_id, city_id) VALUES (3, 56);
INSERT INTO health_authority_city (health_authority_id, city_id) VALUES (3, 57);
INSERT INTO health_authority_city (health_authority_id, city_id) VALUES (3, 58);
INSERT INTO health_authority_city (health_authority_id, city_id) VALUES (3, 59);
INSERT INTO health_authority_city (health_authority_id, city_id) VALUES (3, 60);
INSERT INTO health_authority_city (health_authority_id, city_id) VALUES (3, 61);
INSERT INTO health_authority_city (health_authority_id, city_id) VALUES (3, 62);
INSERT INTO health_authority_city (health_authority_id, city_id) VALUES (3, 63);
INSERT INTO health_authority_city (health_authority_id, city_id) VALUES (3, 64);
INSERT INTO health_authority_city (health_authority_id, city_id) VALUES (3, 65);
INSERT INTO health_authority_city (health_authority_id, city_id) VALUES (3, 66);
INSERT INTO health_authority_city (health_authority_id, city_id) VALUES (3, 67);
INSERT INTO health_authority_city (health_authority_id, city_id) VALUES (3, 68);
INSERT INTO health_authority_city (health_authority_id, city_id) VALUES (3, 69);
INSERT INTO health_authority_city (health_authority_id, city_id) VALUES (3, 70);
INSERT INTO health_authority_city (health_authority_id, city_id) VALUES (3, 71);
INSERT INTO health_authority_city (health_authority_id, city_id) VALUES (3, 72);
INSERT INTO health_authority_city (health_authority_id, city_id) VALUES (3, 73);
INSERT INTO health_authority_city (health_authority_id, city_id) VALUES (3, 74);
INSERT INTO health_authority_city (health_authority_id, city_id) VALUES (3, 75);
INSERT INTO health_authority_city (health_authority_id, city_id) VALUES (3, 76);
INSERT INTO health_authority_city (health_authority_id, city_id) VALUES (3, 77);
INSERT INTO health_authority_city (health_authority_id, city_id) VALUES (3, 78);
INSERT INTO health_authority_city (health_authority_id, city_id) VALUES (3, 79);
INSERT INTO health_authority_city (health_authority_id, city_id) VALUES (3, 80);
INSERT INTO health_authority_city (health_authority_id, city_id) VALUES (3, 81);
INSERT INTO health_authority_city (health_authority_id, city_id) VALUES (3, 82);
INSERT INTO health_authority_city (health_authority_id, city_id) VALUES (3, 83);
INSERT INTO health_authority_city (health_authority_id, city_id) VALUES (3, 84);
INSERT INTO health_authority_city (health_authority_id, city_id) VALUES (3, 85);
INSERT INTO health_authority_city (health_authority_id, city_id) VALUES (3, 86);
INSERT INTO health_authority_city (health_authority_id, city_id) VALUES (3, 87);
INSERT INTO health_authority_city (health_authority_id, city_id) VALUES (3, 88);
INSERT INTO health_authority_city (health_authority_id, city_id) VALUES (3, 89);
INSERT INTO health_authority_city (health_authority_id, city_id) VALUES (3, 90);
INSERT INTO health_authority_city (health_authority_id, city_id) VALUES (3, 91);
INSERT INTO health_authority_city (health_authority_id, city_id) VALUES (3, 92);
INSERT INTO health_authority_city (health_authority_id, city_id) VALUES (3, 93);
INSERT INTO health_authority_city (health_authority_id, city_id) VALUES (3, 94);
INSERT INTO health_authority_city (health_authority_id, city_id) VALUES (3, 95);
INSERT INTO health_authority_city (health_authority_id, city_id) VALUES (3, 96);
INSERT INTO health_authority_city (health_authority_id, city_id) VALUES (3, 97);
INSERT INTO health_authority_city (health_authority_id, city_id) VALUES (3, 98);

INSERT INTO city (city_id, city_name) VALUES 
(99, 'Alert Bay'),
(100, 'Bamfield'),
(101, 'Bowser'),
(102, 'Campbell River'),
(103, 'Central Saanich'),
(104, 'Chemainus'),
(105, 'Colwood'),
(106, 'Comox'),
(107, 'Cortes Island'),
(108, 'Courtenay'),
(109, 'Denman Island'),
(110, 'Duncan'),
(111, 'Esquimalt'),
(112, 'Gabriola Island'),
(113, 'Galiano Island'),
(114, 'Gold River'),
(115, 'Highlands'),
(116, 'Hornby Island'),
(117, 'Jordan River'),
(118, 'Kyuquot'),
(119, 'Ladysmith'),
(120, 'Lake Cowichan'),
(121, 'Langford'),
(122, 'Mayne Island'),
(123, 'Metchosin'),
(124, 'Mill Bay'),
(125, 'Nanaimo'),
(126, 'Oak Bay'),
(127, 'Parksville'),
(128, 'Pender Island'),
(129, 'Port Alberni'),
(130, 'Port Alice'),
(131, 'Port Hardy'),
(132, 'Port McNeill'),
(133, 'Port Renfrew'),
(134, 'Qualicum'),
(135, 'Qualicum Beach'),
(136, 'Saanich'),
(137, 'Salt Spring Island'),
(138, 'Saturna Island'),
(139, 'Sidney'),
(140, 'Sointula'),
(141, 'Sooke'),
(142, 'Tahsis'),
(143, 'Tofino'),
(144, 'Ucluelet'),
(145, 'Victoria'),
(146, 'View Royal');

INSERT INTO health_authority VALUES (4, 'Island Health');

INSERT INTO health_authority_city (health_authority_id, city_id) VALUES 
(4, 99),
(4, 100),
(4, 101),
(4, 102),
(4, 103),
(4, 104),
(4, 105),
(4, 106),
(4, 107),
(4, 108),
(4, 109),
(4, 110),
(4, 111),
(4, 112),
(4, 113),
(4, 114),
(4, 115),
(4, 116),
(4, 117),
(4, 118),
(4, 119),
(4, 120),
(4, 121),
(4, 122),
(4, 123),
(4, 124),
(4, 125),
(4, 126),
(4, 127),
(4, 128),
(4, 129),
(4, 130),
(4, 131),
(4, 132),
(4, 133),
(4, 134),
(4, 135),
(4, 136),
(4, 137),
(4, 138),
(4, 139),
(4, 140),
(4, 141),
(4, 142),
(4, 143),
(4, 144),
(4, 145),
(4, 146);


INSERT INTO city (city_id, city_name) VALUES 
(147, 'Atlin'),
(148, 'Burns Lake'),
(149, 'Chetwynd'),
(150, 'Dawson Creek'),
(151, 'Dease Lake'),
(152, 'Fort Nelson'),
(153, 'Fort St James'),
(154, 'Fort St John'),
(155, 'Fraser Lake'),
(156, 'Granisle'),
(157, 'Grassy Plains'),
(158, 'Hazelton'),
(159, 'Houston'),
(160, 'Hudson''s Hope'),
(161, 'Kitimat'),
(162, 'Mackenzie'),
(163, 'Masset'),
(164, 'McBride'),
(165, 'Prince George'),
(166, 'Prince Rupert'),
(167, 'Queen Charlotte City'),
(168, 'Quesnel'),
(169, 'Smithers'),
(170, 'Stewart'),
(171, 'Terrace'),
(172, 'Tumbler Ridge'),
(173, 'Valemount'),
(174, 'Vanderhoof');

INSERT INTO health_authority VALUES (5, 'Northern Health');

INSERT INTO health_authority_city (health_authority_id, city_id) VALUES 
(5, 147),
(5, 148),
(5, 149),
(5, 150),
(5, 151),
(5, 152),
(5, 153),
(5, 154),
(5, 155),
(5, 156),
(5, 157),
(5, 158),
(5, 159),
(5, 160),
(5, 161),
(5, 162),
(5, 163),
(5, 164),
(5, 165),
(5, 166),
(5, 167),
(5, 168),
(5, 169),
(5, 170),
(5, 171),
(5, 172),
(5, 173),
(5, 174);
